city,province,name,Gender,votes,result
ABORLAN,PALAWAN,"ORTEGA, JAIME",male,9761,W
ABORLAN,PALAWAN,"MAGBANUA, RICHRISTOPHER",male,5869,L
ABORLAN,PALAWAN,"ECHAGUE, GREGORIO III",male,1009,L
AGNO,PANGASINAN,"PAJETA, JOEL",male,7886,W
AGNO,PANGASINAN,"SISON, BONG",male,5470,L
AGUILAR,PANGASINAN,"BALLESTEROS, EDUARDO",male,11422,W
AGUILAR,PANGASINAN,"EVANGELISTA, ANO",male,7358,L
AGUILAR,PANGASINAN,"REPANCOL, ARNOLD",male,351,L
AGUTAYA,PALAWAN,"BACUEL, PERLA",female,1341,W
AGUTAYA,PALAWAN,"QUINCELA, CATALINO JR.",male,1307,L
AGUTAYA,PALAWAN,"RAGUIN, MARY JANE",female,548,L
AGUTAYA,PALAWAN,"QUINCELA, DEXTER",male,48,L
ALABEL,SARANGANI,"SALARDA, VIC PAUL",male,17301,W
ALABEL,SARANGANI,"SENIT, ELENITO",male,17231,L
ALAMINOS CITY,PANGASINAN,"CELESTE, ARTHUR",male,24899,W
ALAMINOS CITY,PANGASINAN,"AQUINO, EARL JAMES",male,13417,L
ALCALA,PANGASINAN,"CALLEJO, JOJO",male,9522,W
ALCALA,PANGASINAN,"MENCIAS, PAO",male,7407,L
ALCALA,PANGASINAN,"TOLENTINO, MCT",male,2533,L
ALMERIA,BILIRAN,"JAGUROS, RICKRICK",male,4434,W
ALMERIA,BILIRAN,"SALE, SAMMY",male,3823,L
ANDA,PANGASINAN,"CERDAN, ALDRIN",male,13377,W
ANDA,PANGASINAN,"SOSA, GIBSON JOHN",male,4910,L
ANGELES CITY,PAMPANGA,"PAMINTUAN, EDGARDO",male,76540,W
ANGELES CITY,PAMPANGA,"LAPID, LITO LAPID",male,45710,L
ANGELES CITY,PAMPANGA,"VEGA, VICKY VEGA",female,12864,L
APALIT,PAMPANGA,"NUCOM, PETER",male,19449,W
APALIT,PAMPANGA,"TOLENTINO, BAY",male,18538,L
APALIT,PAMPANGA,"MACAPAGAL, JAIME",male,156,L
ARACELI,PALAWAN,"BERONIO, NOEL",male,3109,W
ARACELI,PALAWAN,"CUDILLA, SUE",female,3090,L
ARAYAT,PAMPANGA,"ALEJANDRINO, BON",male,31964,W
ARAYAT,PAMPANGA,"ESPINO, LUIS",male,17096,L
ASINGAN,PANGASINAN,"CHUA, HEIDEE",female,14624,W
ASINGAN,PANGASINAN,"SAPIGAO, EMMANUEL",male,14191,L
BACOLOD-KALAWI (BACOLOD GRANDE),LANAO DEL SUR,"DIPATUAN, ABDULMOHAIMEN",male,3466,W
BACOLOD-KALAWI (BACOLOD GRANDE),LANAO DEL SUR,"AMANODDIN, TAMIM",male,792,L
BACOLOD-KALAWI (BACOLOD GRANDE),LANAO DEL SUR,"DIPATUAN, SARTATA",male,4,L
BACOLOR,PAMPANGA,"HIZON, JOMAR",male,17837,W
BACOLOR,PAMPANGA,"DUNGCA, BUDDY",male,17724,L
BALABAC,PALAWAN,"ASTAMI, AL-HAZNI",male,8085,W
BALABAC,PALAWAN,"TULALI, REGIDOR",male,4760,L
BALABAC,PALAWAN,"HAMJA, PISTOH",male,2420,L
BALABAC,PALAWAN,"MAING, PARSON",male,153,L
BALABAC,PALAWAN,"MAMURA, RONIE",male,38,L
BALABAGAN,LANAO DEL SUR,"BENITO, EDNA",female,5736,W
BALABAGAN,LANAO DEL SUR,"SAMPIANO, QUIRINO",male,4688,L
BALABAGAN,LANAO DEL SUR,"SAMPIANO, AMER",male,52,L
BALABAGAN,LANAO DEL SUR,"CHICOTE, NORMA",female,13,L
BALABAGAN,LANAO DEL SUR,"MORRO, APOLO",male,11,L
BALINDONG (WATU),LANAO DEL SUR,"BAGUL, BENJAMIN",male,7945,W
BALINDONG (WATU),LANAO DEL SUR,"ABDULLAH, MAHMOD",male,2404,L
BALINDONG (WATU),LANAO DEL SUR,"RAMOS, LININDING",male,717,L
BALINDONG (WATU),LANAO DEL SUR,"TOMARA, SOCOR",male,26,L
BALUNGAO,PANGASINAN,"PERALTA, PHILIPP",male,10899,W
BALUNGAO,PANGASINAN,"MARZAN, JHUN LORD",male,2186,L
BANI,PANGASINAN,"YAMAMOTO, GWEN",female,12205,W
BANI,PANGASINAN,"NAVARRO, MARCELO JR.",male,9713,L
BANI,PANGASINAN,"PADUA, ARTURO",male,428,L
BASISTA,PANGASINAN,"DE LEON, MANOLITO",male,9204,W
BASISTA,PANGASINAN,"PEREZ, JOY",female,6760,L
BATARAZA,PALAWAN,"IBBA, ABRAHAM",male,14368,W
BATARAZA,PALAWAN,"ABDURAJIK, MULSININ",male,12253,L
BAUTISTA,PANGASINAN,"ESPINO, AMADEO",male,10193,W
BAUTISTA,PANGASINAN,"ONG, EDDIE",male,4217,L
BAYAMBANG,PANGASINAN,"QUIAMBAO, CEZAR",male,31946,L
BAYAMBANG,PANGASINAN,"CAMACHO, ZENAIDA",female,19442,W
BAYAMBANG,PANGASINAN,"JUNIO, CHATO",female,917,L
BAYAMBANG,PANGASINAN,"DE VERA, LEO",male,906,L
BAYAMBANG,PANGASINAN,"MANALANG, ADRIAN",male,36,L
BAYANG,LANAO DEL SUR,"BALT, ASLANI",male,5582,W
BAYANG,LANAO DEL SUR,"AMPATUA, MAYA",male,4594,L
BAYANG,LANAO DEL SUR,"SANGCOPAN, CAMIL",male,92,L
BAYANG,LANAO DEL SUR,"MACADAUB, CAIRON",male,8,L
BAYANG,LANAO DEL SUR,"SARIP, BRYAN",male,4,L
BILIRAN,BILIRAN,"CASIL, GRACE",female,5144,W
BILIRAN,BILIRAN,"ROSAL, ANTONIO",male,3250,L
BILIRAN,BILIRAN,"TIU, HOSPICIO III",male,121,L
BINALONAN,PANGASINAN,"GUICO, RAMON III",male,21664,W
BINIDAYAN,LANAO DEL SUR,"DATUMULOK, ABDULLAH",male,3542,W
BINIDAYAN,LANAO DEL SUR,"DATUMOLOK, AMAN MISBAC",male,2135,L
BINIDAYAN,LANAO DEL SUR,"RARACO, SALAC",male,64,L
BINIDAYAN,LANAO DEL SUR,"DIMAPORO, MOHAMMAD HOSNI",male,22,L
BINIDAYAN,LANAO DEL SUR,"BASSAR, SAMEN",male,10,L
BINMALEY,PANGASINAN,"ROSARIO, SIMPLICIO",male,25766,W
BINMALEY,PANGASINAN,"MERRERA, PEDRO",male,16213,L
BINMALEY,PANGASINAN,"AQUINO, JESS",male,2122,L
BOLINAO,PANGASINAN,"CELESTE, ARNOLD",male,25589,W
BOLINAO,PANGASINAN,"CACHO, APIN",male,2532,L
BROOKE'S POINT,PALAWAN,"FELICIANO, JEAN",female,15555,W
BROOKE'S POINT,PALAWAN,"LEONCIO, BOYET",male,13243,L
BUADIPOSO-BUNTONG,LANAO DEL SUR,"DADAYAN, NORON",female,9097,W
BUADIPOSO-BUNTONG,LANAO DEL SUR,"ASISOR, ANISAH",male,339,L
BUADIPOSO-BUNTONG,LANAO DEL SUR,"MANDOMA, ANSHARY",male,248,L
BUADIPOSO-BUNTONG,LANAO DEL SUR,"MAMAROBA, LINDY",male,6,L
BUBONG,LANAO DEL SUR,"MUNDER, ALFAIS",male,7890,W
BUBONG,LANAO DEL SUR,"MACAPUNDAG, WAHAB",male,302,L
BUBONG,LANAO DEL SUR,"LANGGOYO, DANNY",male,50,L
BUENAVISTA,GUIMARAS,"REYES, EUGENE",male,14133,W
BUENAVISTA,GUIMARAS,"HABAÑA, ROY",male,7850,L
BUENAVISTA,GUIMARAS,"DE ASIS, VINCENT PASCAL",male,2877,L
BUGALLON,PANGASINAN,"ESPINO, JUMEL ANTHONY",male,19790,W
BUGALLON,PANGASINAN,"ORDUÑA, RODRIGO",male,11972,L
BUGALLON,PANGASINAN,"CANTO, NONIE",male,194,L
BUGALLON,PANGASINAN,"CASTRO, CORLETO",male,98,L
BUMBARAN,LANAO DEL SUR,"MANABILANG, JAMAL",male,4884,W
BURGOS,PANGASINAN,"GUIANG, ALBERTO JR.",male,4910,W
BURGOS,PANGASINAN,"DOCTOR, DOMINGO JR.",male,4229,L
BUSUANGA,PALAWAN,"CERVANTES, ELIZABETH",female,4453,W
BUSUANGA,PALAWAN,"CRUZ, TOMMY",male,3211,L
BUSUANGA,PALAWAN,"PANLILIO, JOSE MARQUEZ",male,2014,L
BUTIG,LANAO DEL SUR,"MACADATO, IBRAHIM",male,4092,W
BUTIG,LANAO DEL SUR,"PANSAR, DIMNATANG",male,3899,L
BUTIG,LANAO DEL SUR,"MACADATO, NASSIF",male,16,L
BUTIG,LANAO DEL SUR,"ABOCA, ZAPATA",male,9,L
BUTIG,LANAO DEL SUR,"MAMA, MAMASAO",male,8,L
BUTIG,LANAO DEL SUR,"BAO, EDRIS",male,7,L
BUTIG,LANAO DEL SUR,"AMATONDING, FAIZA",male,4,L
BUTIG,LANAO DEL SUR,"COSAIN, ABDULRAHMAN",male,4,L
CABUCGAYAN,BILIRAN,"MASBANG, EDWIN",male,4894,W
CABUCGAYAN,BILIRAN,"ADOBO, GEMMA",female,4655,L
CAGAYANCILLO,PALAWAN,"LANOY, LOURDES",female,68,W
CAGAYANCILLO,PALAWAN,"TAPALLA, JOE",male,17,L
CAIBIRAN,BILIRAN,"MADERAZO, LALOY",male,6309,W
CAIBIRAN,BILIRAN,"PANTAS, EDWIN",male,4000,L
CALANOGAS,LANAO DEL SUR,"BENITO, MACAPADO SR.",male,5435,W
CALASIAO,PANGASINAN,"BAUZON, JOSEPH ARMAN",male,23765,W
CALASIAO,PANGASINAN,"MACANLALAY, ROY",male,20313,L
CALASIAO,PANGASINAN,"GABAT, FLORANTE",male,1091,L
CANDABA,PAMPANGA,"BAYLON, DANILO",male,23725,W
CANDABA,PAMPANGA,"MAGLANQUE, RENE",male,23036,L
CANDABA,PAMPANGA,"EVANGELISTA, BABES",female,3026,L
CANDABA,PAMPANGA,"BAYLON, BOY",male,1169,L
CATARMAN,CAMIGUIN,"JACOT, NESTOR",male,8423,W
CATARMAN,CAMIGUIN,"BANAAG, PERIOLO",male,691,L
CORON,PALAWAN,"BARRACOSO, JERRY",male,11820,W
CORON,PALAWAN,"REYES, MARIO JOEL",male,7467,L
CORON,PALAWAN,"PE, JIM GERALD",male,2286,L
CULABA,BILIRAN,"REVELDEZ, LORENZO JR.",male,4107,W
CULION,PALAWAN,"DE VERA, MA. VIRGINIA",female,4572,W
CULION,PALAWAN,"MARASIGAN, JUN",male,4413,L
CUYO,PALAWAN,"ONG, ANDREW",male,6607,W
DAGUPAN CITY,PANGASINAN,"FERNANDEZ, BELEN",female,37620,W
DAGUPAN CITY,PANGASINAN,"LIM, CELIA",female,37494,L
DASOL,PANGASINAN,"VERZOSA, ERIC",male,9866,W
DASOL,PANGASINAN,"NACAR, NADINE",female,7584,L
DITSAAN-RAMAIN,LANAO DEL SUR,"ADIONG, SAIDAMEN",male,1956,W
DITSAAN-RAMAIN,LANAO DEL SUR,"MACARAMPAT, ANNA-MAHLYNE",female,1321,L
DITSAAN-RAMAIN,LANAO DEL SUR,"PANDAPATAN, BACRAINIE",male,5,L
DITSAAN-RAMAIN,LANAO DEL SUR,"PANARIGAN, QAREEB",male,3,L
DITSAAN-RAMAIN,LANAO DEL SUR,"GULAM, ACSAPALA",male,2,L
DITSAAN-RAMAIN,LANAO DEL SUR,"MACARAMPAT, MACABAWI",male,2,L
DUMARAN,PALAWAN,"PABLICO, MHEDS",male,6535,W
DUMARAN,PALAWAN,"RODRIGUEZ, MANUEL",male,1943,L
EL NIDO (BACUIT),PALAWAN,"ROSENTO, NIEVES",female,9988,W
EL NIDO (BACUIT),PALAWAN,"ALVAREZ, ANTONIO",male,8811,L
ENRIQUE VILLANUEVA,SIQUIJOR,"PAL-ING, GEROLD",male,2566,W
ENRIQUE VILLANUEVA,SIQUIJOR,"TONG, FRANCIS MICHAEL",male,867,L
ENRIQUE VILLANUEVA,SIQUIJOR,"ALCALA, MIMI",female,751,L
ENRIQUE VILLANUEVA,SIQUIJOR,"SAMSON, TATA DALLY",female,3,L
FLORIDABLANCA,PAMPANGA,"MANALANSAN, DARWIN",male,14057,W
FLORIDABLANCA,PAMPANGA,"GUERRERO, DRA LECK",female,12659,L
FLORIDABLANCA,PAMPANGA,"MENDIOLA, TITO",male,12038,L
FLORIDABLANCA,PAMPANGA,"CARLOS, RICHARD LEE VI",male,6623,L
FLORIDABLANCA,PAMPANGA,"CURA, ARNIGO",male,405,L
GANASSI,LANAO DEL SUR,"MACAPODI, AL-RASHID",male,4997,W
GANASSI,LANAO DEL SUR,"DIANGKA, FAHAD",male,420,L
GLAN,SARANGANI,"YAP, TATA",male,27724,W
GLAN,SARANGANI,"YAP, YOYONG",male,12247,L
GLAN,SARANGANI,"CORSAME, JUN",male,721,L
GLAN,SARANGANI,"BARCELONA, NOEL",male,93,L
GUAGUA,PAMPANGA,"TORRES, DANTE",male,18249,W
GUAGUA,PAMPANGA,"TWAÑO, ANTHONNY",male,15580,L
GUAGUA,PAMPANGA,"SANTIAGO, NOY-NOY",male,4586,L
GUAGUA,PAMPANGA,"MALLARI, MIKE",male,3700,L
GUAGUA,PAMPANGA,"GUILAS, LIZA",female,2589,L
GUINSILIBAN,CAMIGUIN,"ABECIA, HELENIO",male,3536,W
INFANTA,PANGASINAN,"MARTINEZ, MARVIN",male,7264,W
INFANTA,PANGASINAN,"MALLARE, VAL",male,5343,L
JORDAN,GUIMARAS,"CORPUZ, RUBEN",male,9100,W
JORDAN,GUIMARAS,"ATIENZA, NONOYVITO",male,8250,L
KALAYAAN,PALAWAN,"DEL MUNDO, CHOY",male,142,W
KALAYAAN,PALAWAN,"BITO-ONON, EUGENIO JR.",male,59,L
KALAYAAN,PALAWAN,"JACA, RODRIGO",male,28,L
KAPAI,LANAO DEL SUR,"GAURAKI, HAMZA",male,3141,W
KAPAI,LANAO DEL SUR,"GAURAKI, OMAR ABUBACAR",male,7,L
KAPAI,LANAO DEL SUR,"DIDATO, ALEXANDER",male,2,L
KAPATAGAN,LANAO DEL SUR,"MAGLANGIT, NHAZRUDDIN",male,8149,W
KAPATAGAN,LANAO DEL SUR,"BANSIL, MASSER",male,389,L
KAWAYAN,BILIRAN,"ESPINA, RUDY",male,6635,W
KAWAYAN,BILIRAN,"DURANGO, JUN",male,2186,L
KIAMBA,SARANGANI,"MARTINEZ, RAUL",male,14444,W
KIAMBA,SARANGANI,"FALGUI, ROMMEL TOMAS",male,9287,L
LABRADOR,PANGASINAN,"ARENAS, DOMY",male,6707,W
LABRADOR,PANGASINAN,"CAMACHO, RICARDO",male,5816,L
LABRADOR,PANGASINAN,"MANAOIS, CASIMIRO",male,348,L
LABRADOR,PANGASINAN,"VELASQUEZ, EDWIN",male,167,L
LABRADOR,PANGASINAN,"MISLANG, TITOY",male,58,L
LAOAC,PANGASINAN,"ALARCIO, SILVERIO JR.",male,11612,W
LARENA,SIQUIJOR,"VILLA, DANNY",male,6495,W
LARENA,SIQUIJOR,"LUCERO, JOSE FELIX",male,1239,L
LARENA,SIQUIJOR,"VILLA, RONNIE",male,610,L
LAZI,SIQUIJOR,"MONTE, JAMES",male,4032,W
LAZI,SIQUIJOR,"ENSONG, JOHN",male,2916,L
LAZI,SIQUIJOR,"LIGUTOM, LYDIO",male,2368,L
LAZI,SIQUIJOR,"ALJAS, AL",male,1067,L
LINAPACAN,PALAWAN,"DEL PRADO, JESS",male,3497,W
LINAPACAN,PALAWAN,"CABIGUEN, BIENVENIDO",male,2910,L
LINGAYEN,PANGASINAN,"CASTAÑEDA, IDAY",female,22992,W
LINGAYEN,PANGASINAN,"PASILIAO, NEPTHALIE",male,18214,L
LINGAYEN,PANGASINAN,"VERZOSA, SONNY",male,4748,L
LINGAYEN,PANGASINAN,"PERIAS, ALBIN",male,316,L
LUBAO,PAMPANGA,"PINEDA-CAYABYAB, MYLYN",female,49545,W
LUMBA-BAYABAO (MAGUING),LANAO DEL SUR,"DAGALANGIT, GAMBAI",male,3599,L
LUMBA-BAYABAO (MAGUING),LANAO DEL SUR,"MACALA, ABDUL RASHID",male,1646,W
LUMBA-BAYABAO (MAGUING),LANAO DEL SUR,"DAGALANGIT, AMIALONGAN",male,250,L
LUMBA-BAYABAO (MAGUING),LANAO DEL SUR,"DIANATON, MANGATHA",male,13,L
LUMBA-BAYABAO (MAGUING),LANAO DEL SUR,"RASUL, FATAH",male,9,L
LUMBACA-UNAYAN,LANAO DEL SUR,"GURO, SOMERADO",male,1760,W
LUMBACA-UNAYAN,LANAO DEL SUR,"GURO, SARIPODEN",male,1725,L
LUMBACA-UNAYAN,LANAO DEL SUR,"GURO, ISMAEL",male,25,L
LUMBACA-UNAYAN,LANAO DEL SUR,"GURO, ITO MAMA",male,11,L
LUMBACA-UNAYAN,LANAO DEL SUR,"GURO, CALIL",male,8,L
LUMBACA-UNAYAN,LANAO DEL SUR,"MACUGAR, MAMA",male,7,L
LUMBACA-UNAYAN,LANAO DEL SUR,"DATU-DACULA, ANIRAINI",male,5,L
LUMBACA-UNAYAN,LANAO DEL SUR,"GURO, OMIRA",male,3,L
LUMBACA-UNAYAN,LANAO DEL SUR,"ALAWI, ALINAIR",male,2,L
LUMBATAN,LANAO DEL SUR,"LAO, ALLAN",male,4894,W
LUMBATAN,LANAO DEL SUR,"RAZUMAN, SITTIEHAYA",male,3884,L
LUMBATAN,LANAO DEL SUR,"MIPANGCAT, PAO",male,9,L
LUMBATAN,LANAO DEL SUR,"DUMAGAY, MELANIE",female,7,L
LUMBATAN,LANAO DEL SUR,"GORONDAYA, MOHAIMEN",male,3,L
LUMBATAN,LANAO DEL SUR,"IBRAHIM, ABULALI",male,3,L
LUMBAYANAGUE,LANAO DEL SUR,"GUNTING, ANSARY",male,309,W
LUMBAYANAGUE,LANAO DEL SUR,"ASUM, SALAMONA",male,260,L
LUMBAYANAGUE,LANAO DEL SUR,"GUNTING, SIMPAN",male,3,L
LUMBAYANAGUE,LANAO DEL SUR,"SALO, ALEXANDER",male,0,L
MAASIM,SARANGANI,"LOPEZ, ANICETO JR.",male,16271,W
MABALACAT,PAMPANGA,"MORALES, BOKING",male,40174,W
MABALACAT,PAMPANGA,"GARBO, CRISOSTOMO",male,17710,L
MABALACAT,PAMPANGA,"CASTRO, NOEL",male,10788,L
MABALACAT,PAMPANGA,"LUCAS, PYRA",female,5807,L
MABINI,PANGASINAN,"BRIANA, ALIMAR",male,6005,W
MABINI,PANGASINAN,"DE GUZMAN, ARIEL",male,5937,L
MACABEBE,PAMPANGA,"BALGAN, ANNETTE",female,17124,W
MACABEBE,PAMPANGA,"FLORES, BOBONG",male,12763,L
MADALUM,LANAO DEL SUR,"MINDALANO-SARANGANI, SORAIDA",female,1798,W
MADALUM,LANAO DEL SUR,"GUINAL, NORMILAH",female,616,L
MADALUM,LANAO DEL SUR,"ANGNI, NORMILA",female,54,L
MADALUM,LANAO DEL SUR,"BANSAO, ABDULSANI",male,11,L
MADALUM,LANAO DEL SUR,"SARANGANI, FARIDAH",female,7,L
MADALUM,LANAO DEL SUR,"MINDALANO, NORHATA",female,5,L
MADALUM,LANAO DEL SUR,"SARANGANI, ALMYRAH",female,3,L
MADALUM,LANAO DEL SUR,"SARANGANI, SITTIE AISAH",female,1,L
MADALUM,LANAO DEL SUR,"SARANGANI, USMAN SR.",male,1,L
MADALUM,LANAO DEL SUR,"TANGGINO, IBRAHIM",male,1,L
MADAMBA,LANAO DEL SUR,"MINDALANO, DAGOROAN",male,6216,W
MADAMBA,LANAO DEL SUR,"SARANGANI, MANLY",male,110,L
MADAMBA,LANAO DEL SUR,"MACAPANTON, TAHIR",male,16,L
MADAMBA,LANAO DEL SUR,"AMOL, MALOBAY",male,11,L
MAGALANG,PAMPANGA,"LACSON, MALU-PARAS",female,20434,W
MAGALANG,PAMPANGA,"PECSON, ROMULO",male,19820,L
MAGALANG,PAMPANGA,"CUNANAN, PASTOR JOEL",male,4627,L
MAGSAYSAY,PALAWAN,"DELA TORRE, ROMMEL",male,4582,W
MAGUING,LANAO DEL SUR,"MOLOK, MAMAULAN",male,9874,W
MAGUING,LANAO DEL SUR,"H. RAKIM, HADJI MOHAYSEN",male,4586,L
MAGUING,LANAO DEL SUR,"ABINAL, JOHAIRAH",female,78,L
MAGUING,LANAO DEL SUR,"AMPUAN, MAGRARA",male,5,L
MAGUING,LANAO DEL SUR,"YAHYA, ANSARI",male,4,L
MAHINOG,CAMIGUIN,"ACLE, ROGERIO",male,6906,W
MAHINOG,CAMIGUIN,"JAJALLA, OGO",male,588,L
MAITUM,SARANGANI,"REGANIT, BRYAN",male,8912,W
MAITUM,SARANGANI,"PERRETT, ELSIE LUCILLE",female,6866,L
MAITUM,SARANGANI,"CATIMBANG, PEPITO",male,4203,L
MALABANG,LANAO DEL SUR,"BALINDONG, OMENSALAM",female,8564,W
MALABANG,LANAO DEL SUR,"BALINDONG, AMER",male,3887,L
MALABANG,LANAO DEL SUR,"GARO, TALHA",male,120,L
MALABANG,LANAO DEL SUR,"MALAWANI, HANDALA",male,45,L
MALAPATAN,SARANGANI,"SINGCOY, ALFONSO SR.",male,15797,W
MALAPATAN,SARANGANI,"CEPE, ANDY",male,4641,L
MALAPATAN,SARANGANI,"FANAGEL, KERNIE",male,2926,L
MALASIQUI,PANGASINAN,"GESLANI, NOEL ANTHONY",male,23130,W
MALASIQUI,PANGASINAN,"PINLAC, RENATO",male,16503,L
MALASIQUI,PANGASINAN,"DE GUZMAN, JEBONG",male,16266,L
MALUNGON,SARANGANI,"CONSTANTINO, TESSA",female,31422,W
MALUNGON,SARANGANI,"AMPON, WIL",male,11971,L
MAMBAJAO,CAMIGUIN,"ROMUALDO, JJ",male,15404,W
MAMBAJAO,CAMIGUIN,"ROMUALDO, NOORDIN",male,2838,L
MANAOAG,PANGASINAN,"AMADOR, KIM",male,21841,W
MANAOAG,PANGASINAN,"ARENAS, LITO",male,11598,L
MANGALDAN,PANGASINAN,"DE VERA-PARAYNO, BONA",female,19093,W
MANGALDAN,PANGASINAN,"CASUPANG, MANNY",male,17757,L
MANGALDAN,PANGASINAN,"MENESES, JOEL",male,9852,L
MANGATAREM,PANGASINAN,"VENTENILLA, BALONG",male,9895,W
MANGATAREM,PANGASINAN,"PALISOC, RICHARD",male,9766,L
MAPANDAN,PANGASINAN,"TAMBAOAN, GERALD GLENN",male,7609,W
MAPANDAN,PANGASINAN,"CALIMLIM, MAXIMO JR.",male,6863,L
MAPANDAN,PANGASINAN,"MORALES, JESSIE",male,1995,L
MARANTAO,LANAO DEL SUR,"ABINAL, RACMA",female,10234,W
MARANTAO,LANAO DEL SUR,"ADIONG, SAMSON",male,5588,L
MARANTAO,LANAO DEL SUR,"ADTHA-MAGANGCONG, JASMIN",female,1908,L
MARANTAO,LANAO DEL SUR,"TANGGOTE, MOHAMMAD",male,782,L
MARANTAO,LANAO DEL SUR,"TAHIR, KIRAM",male,4,L
MARAWI CITY,LANAO DEL SUR,"ALI, SOLITARIO",male,8676,W
MARAWI CITY,LANAO DEL SUR,"GANDAMRA, MAJUL",male,7930,L
MARAWI CITY,LANAO DEL SUR,"TOMAWIS, ISMAEL",male,6,L
MARIA,SIQUIJOR,"ASOK, DONDON",male,4788,W
MARIA,SIQUIJOR,"PADAYHAG, FREDERIC",male,3097,L
MARIPIPI,BILIRAN,"MACOROL, ELDING",male,2504,W
MAROGONG,LANAO DEL SUR,"MARUHOM, HAROUN",male,4699,W
MAROGONG,LANAO DEL SUR,"DIDATOON, ALIODEN",male,2947,L
MAROGONG,LANAO DEL SUR,"COSAIN, NAIMA",male,33,L
MAROGONG,LANAO DEL SUR,"AMEROL, ALIMONA",male,18,L
MAROGONG,LANAO DEL SUR,"IBRAHIM, NORAIDA",female,3,L
MASANTOL,PAMPANGA,"GUINTU, DAN",male,17598,W
MASANTOL,PAMPANGA,"FLORES, PETER",male,12474,L
MASIU,LANAO DEL SUR,"PANGANDAMAN, NASSER",male,3534,W
MASIU,LANAO DEL SUR,"GUILING, ROMIL RMG",male,3479,L
MASIU,LANAO DEL SUR,"GUILING, RAFFY",male,2173,L
MASIU,LANAO DEL SUR,"PANGAMADUN, LOMINA",female,23,L
MASIU,LANAO DEL SUR,"MAGARANG, ABDULGAFUR",male,14,L
MASIU,LANAO DEL SUR,"PINTO, USTAD",male,4,L
MASIU,LANAO DEL SUR,"SALIWATO, HADJI RIGARO",male,4,L
MASIU,LANAO DEL SUR,"SHARIEF, ABDULAZIS",male,4,L
MEXICO,PAMPANGA,"TUMANG, TEDDY",male,31541,W
MEXICO,PAMPANGA,"MANALASTAS, ROY",male,28879,L
MINALIN,PAMPANGA,"FLORES, EDGAR",male,14274,W
MINALIN,PAMPANGA,"DAAG, QUEROLICO",male,6507,L
MULONDO,LANAO DEL SUR,"BATAO, MALIK",male,406,W
MULONDO,LANAO DEL SUR,"ABDULSALAM, MACHOL",male,330,L
MULONDO,LANAO DEL SUR,"ABDULSALAM, ALI",male,135,L
MULONDO,LANAO DEL SUR,"MARUHOM, MOJAHED",male,1,L
MULONDO,LANAO DEL SUR,"BABAO, JOHARY FAIZ",male,0,L
MULONDO,LANAO DEL SUR,"PANANDIGAN, JOHARY",male,0,L
MULONDO,LANAO DEL SUR,"PANGCATAN, LOMONTANA",male,0,L
NARRA,PALAWAN,"DEMAALA, LUCENA",female,22175,W
NATIVIDAD,PANGASINAN,"RAFAEL, COCOY",male,6480,W
NATIVIDAD,PANGASINAN,"SUPNET, APRIL",female,5846,L
NAVAL,BILIRAN,"ESPINA, GERARD",male,13767,W
NAVAL,BILIRAN,"LIMPIADO, AIM",male,5661,L
NUEVA VALENCIA,GUIMARAS,"GALILA, EMMANUEL",male,12225,W
NUEVA VALENCIA,GUIMARAS,"GAITAN, JUAN",male,6555,L
PAGAYAWAN (TATARIKAN),LANAO DEL SUR,"DIAMAEL, HANIFAH",female,5412,W
PAGAYAWAN (TATARIKAN),LANAO DEL SUR,"BENITO, SAILANEY",male,418,L
PAGAYAWAN (TATARIKAN),LANAO DEL SUR,"BALINDONG, ACMAD",male,75,L
PAGAYAWAN (TATARIKAN),LANAO DEL SUR,"AMPUAN, DATU AMANGODA",male,7,L
PAGAYAWAN (TATARIKAN),LANAO DEL SUR,"SARIF, BALI",male,6,L
PIAGAPO,LANAO DEL SUR,"SUMANDAR, ALI",male,2701,W
PIAGAPO,LANAO DEL SUR,"MANDALOG, SITTIE",male,334,L
PIAGAPO,LANAO DEL SUR,"SULTAN, ADIL",male,105,L
PIAGAPO,LANAO DEL SUR,"BATO, ASNAWI",male,38,L
PICONG (SULTAN GUMANDER),LANAO DEL SUR,"BALINDONG, ALINADER",male,7807,W
POONA BAYABAO  (GATA),LANAO DEL SUR,"PANDI, SADAT",male,7734,W
POONA BAYABAO  (GATA),LANAO DEL SUR,"IBRAHIM, YUSOPH",male,609,L
POONA BAYABAO  (GATA),LANAO DEL SUR,"LUCMAN, ALIBASHA JR.",male,43,L
POONA BAYABAO  (GATA),LANAO DEL SUR,"DOMADO, TOHAMY",male,10,L
POONA BAYABAO  (GATA),LANAO DEL SUR,"MANTA, CACAYADUN",male,1,L
POONA BAYABAO  (GATA),LANAO DEL SUR,"SANGKUPAN, SANA",female,0,L
PORAC,PAMPANGA,"DELA CRUZ, CARLING",male,26348,W
PORAC,PAMPANGA,"TAPANG, MICHAEL",male,20797,L
POZORRUBIO,PANGASINAN,"CHAN, ARTEMIO",male,15595,W
POZORRUBIO,PANGASINAN,"LAMBINO, RAUL",male,15028,L
POZORRUBIO,PANGASINAN,"VILLANUEVA, RUDY",male,3100,L
PUALAS,LANAO DEL SUR,"TANOG, SHARIEFULLAH",male,3971,W
PUALAS,LANAO DEL SUR,"TANOG, DIANATON",male,852,L
PUALAS,LANAO DEL SUR,"SAHABUDEN, MISOLAWAN",male,20,L
PUALAS,LANAO DEL SUR,"DIMAAYAO, ALYASSER",male,14,L
PUERTO PRINCESA CITY,PALAWAN,"BAYRON, LUCILO",male,56874,W
PUERTO PRINCESA CITY,PALAWAN,"HAGEDORN, EDWARD",male,40736,L
QUEZON,PALAWAN,"AYALA, JOY",female,12476,W
QUEZON,PALAWAN,"CAPUTILLA, GENEL",male,7294,L
QUEZON,PALAWAN,"ALAM, MADZ",male,2890,L
QUEZON,PALAWAN,"CABALLES, RODELIO",male,939,L
QUEZON,PALAWAN,"GABUCO, JELLY",female,255,L
RIZAL (MARCOS),PALAWAN,"ONG, NORMAN",male,8005,W
RIZAL (MARCOS),PALAWAN,"NOBLEZA, ALRIE",male,7748,L
RIZAL (MARCOS),PALAWAN,"DEGILLO, CLARA",female,517,L
RIZAL (MARCOS),PALAWAN,"VICENTE, MIKE",male,178,L
RIZAL (MARCOS),PALAWAN,"MONTAÑO, NICOLAS SR.",male,127,L
RIZAL (MARCOS),PALAWAN,"BESAGA, JODGIE",male,53,L
RIZAL (MARCOS),PALAWAN,"ARENDAIN, BIROY",male,19,L
ROSALES,PANGASINAN,"CASARENO, SUSAN",female,19140,W
ROSALES,PANGASINAN,"REVITA, RICARDO",male,12527,L
ROSALES,PANGASINAN,"CASANOVA, CEZAR",male,684,L
ROXAS,PALAWAN,"SABANDO, MARIA ANGELA",female,15010,W
ROXAS,PALAWAN,"SABANDO, MA. ELIZABETH",female,12619,L
ROXAS,PALAWAN,"GOLIFARDO, ANDREW",male,603,L
ROXAS,PALAWAN,"CORRAL, MARIBEL",female,312,L
ROXAS,PALAWAN,"GELLIANG, SALVADOR",male,305,L
SAGAY,CAMIGUIN,"UAYAN, JOSEPH",male,4771,W
SAGAY,CAMIGUIN,"CAMAY, AL",male,1544,L
SAGAY,CAMIGUIN,"NUEVAS, CARLITO",male,254,L
SAGAY,CAMIGUIN,"VALLAR, ARMI",male,57,L
SAGUIARAN,LANAO DEL SUR,"MUTI, MACMOD",male,8394,W
SAGUIARAN,LANAO DEL SUR,"MACABAGO, SABDULLAH",male,7490,L
SAGUIARAN,LANAO DEL SUR,"MARAORAO, AMER",male,58,L
SAGUIARAN,LANAO DEL SUR,"SALACOP, JAMAEL",male,21,L
SAGUIARAN,LANAO DEL SUR,"LININDING, KHALID",male,18,L
SAN CARLOS CITY,PANGASINAN,"RESUELLO, JOSERES",male,46053,W
SAN CARLOS CITY,PANGASINAN,"SORIANO, WILHELM",male,26279,L
SAN CARLOS CITY,PANGASINAN,"CAYABYAB, AMELIA",female,4594,L
SAN FABIAN,PANGASINAN,"AGBAYANI, CONSTANTE",male,24383,W
SAN FABIAN,PANGASINAN,"LIBUNAO, JAMING",male,12588,L
SAN FERNANDO CITY,PAMPANGA,"SANTIAGO, EDWIN",male,92682,W
SAN JACINTO,PANGASINAN,"DE VERA, ROBERT",male,13159,W
SAN JACINTO,PANGASINAN,"GARCIA, JOSEPH",male,4929,L
SAN JACINTO,PANGASINAN,"ABARCAR, GERRY",male,618,L
SAN JUAN,SIQUIJOR,"OCAY, DODONG",male,4312,W
SAN JUAN,SIQUIJOR,"CAPUNDAG, WILFREDO JR",male,3786,L
SAN LORENZO,GUIMARAS,"GAJO, NINFA",female,6242,W
SAN LORENZO,GUIMARAS,"QUEZON-SOBREVEGA, ATTY",female,5147,L
SAN LORENZO,GUIMARAS,"GANANCIAL, ELMER BOS",male,630,L
SAN LORENZO,GUIMARAS,"ZAMBARRANO, EDWARD",male,398,L
SAN LORENZO,GUIMARAS,"BRIZAL, CARLIT",male,109,L
SAN LUIS,PAMPANGA,"MACAPAGAL, VENANCIO",male,16419,W
SAN MANUEL,PANGASINAN,"PEREZ, ALAIN JERICO",male,17834,W
SAN NICOLAS,PANGASINAN,"SALDIVAR, REBECCA",female,10614,W
SAN NICOLAS,PANGASINAN,"PRESTOZA, ROMY",male,8603,L
SAN QUINTIN,PANGASINAN,"TIU, CLARK CECIL",male,9369,W
SAN QUINTIN,PANGASINAN,"AQUINO, FRANKLIN",male,7609,L
SAN QUINTIN,PANGASINAN,"UDAN, JUAN SR.",male,54,L
SAN SIMON,PAMPANGA,"WONG, LEONORA",female,16386,W
SAN SIMON,PAMPANGA,"SIMBULAN, SONNY",male,8898,L
SAN SIMON,PAMPANGA,"BONDOC, MANUEL",male,2414,L
SAN VICENTE,PALAWAN,"ALVAREZ, PIE",female,9894,W
SAN VICENTE,PALAWAN,"FOX, MICHELLE",female,3735,L
SANTA ANA,PAMPANGA,"GAMBOA, NORBERTO",male,9320,W
SANTA ANA,PAMPANGA,"CONCEPCION, TEK",male,9259,L
SANTA ANA,PAMPANGA,"GADDI, JEROME",male,3503,L
SANTA ANA,PAMPANGA,"MONTOYA, RESTITUTO",male,1000,L
SANTA BARBARA,PANGASINAN,"ZAPLAN, CARLITO",male,20053,W
SANTA BARBARA,PANGASINAN,"CABANGON, JUAN EMMANUEL",male,17260,L
SANTA MARIA,PANGASINAN,"RAMOS, TEDDY",male,11490,W
SANTA RITA,PAMPANGA,"SALALILA, DAGI",male,9714,W
SANTA RITA,PAMPANGA,"CRUZ, ALEX",male,8364,L
SANTO TOMAS,PAMPANGA,"SAMBO, JOHN",male,8537,W
SANTO TOMAS,PAMPANGA,"PINEDA, MATIAS",male,7235,L
SANTO TOMAS,PANGASINAN,"VILLAR, DICK",male,5805,L
SANTO TOMAS,PAMPANGA,"SENGSON, CHIONG CARES",male,5359,L
SANTO TOMAS,PAMPANGA,"MALLARI, REGINO",male,34,L
SASMUAN (SEXMOAN),PAMPANGA,"VELASCO, NARDO",male,7060,W
SASMUAN (SEXMOAN),PAMPANGA,"LEONCIO, LALAH",female,6934,L
SASMUAN (SEXMOAN),PAMPANGA,"DUCUT, AMADOR",male,1801,L
SIBUNAG,GUIMARAS,"VILCHES, LUBEN",male,6641,W
SIBUNAG,GUIMARAS,"GANGE, PUTONG",male,3904,L
SIBUNAG,GUIMARAS,"TANALEON, JOEL",male,82,L
SIQUIJOR,SIQUIJOR,"QUEZON, RICHARD",male,10051,W
SIQUIJOR,SIQUIJOR,"ADA, PAUL IVAR",male,4141,L
SISON,PANGASINAN,"UY, DANILO",male,11028,W
SISON,PANGASINAN,"PANGASINAN, MINA JOY",female,10596,L
SOFRONIO ESPAÑOLA,PALAWAN,"ACOY, MARS",male,7027,W
SOFRONIO ESPAÑOLA,PALAWAN,"GOMEZ, ZENY",female,5498,L
SOFRONIO ESPAÑOLA,PALAWAN,"JAMILI, BENSON",male,774,L
SUAL,PANGASINAN,"ARCINUE, ROBERTO",male,11553,W
SULTAN DUMALONDONG,LANAO DEL SUR,"KURANGKING, JAMEL",male,1595,W
SULTAN DUMALONDONG,LANAO DEL SUR,"KURANGKING, FATIMA",female,1485,L
SULTAN DUMALONDONG,LANAO DEL SUR,"MANALI, CAMILO",male,111,L
SULTAN DUMALONDONG,LANAO DEL SUR,"BONGAROS, RASMIA",female,9,L
SULTAN DUMALONDONG,LANAO DEL SUR,"KURANGKING, OMEL",male,7,L
SULTAN DUMALONDONG,LANAO DEL SUR,"ASUM, ROHAYNEE",female,6,L
SULTAN DUMALONDONG,LANAO DEL SUR,"KURANGKING, AIMAN",male,6,L
SULTAN DUMALONDONG,LANAO DEL SUR,"PANDAPATAN, TAHA",female,4,L
SULTAN DUMALONDONG,LANAO DEL SUR,"ABARAO, AINAH",male,2,L
SULTAN DUMALONDONG,LANAO DEL SUR,"BACARAMAN, NORAYAH",female,2,L
SULTAN DUMALONDONG,LANAO DEL SUR,"AABASAGAN, NAJEB",male,1,L
SULTAN DUMALONDONG,LANAO DEL SUR,"ABDULCATE, MORSHED",male,1,L
SULTAN DUMALONDONG,LANAO DEL SUR,"AWAL, NORAINA",female,1,L
SULTAN DUMALONDONG,LANAO DEL SUR,"DICASARAN, SITTIE",female,1,L
SULTAN DUMALONDONG,LANAO DEL SUR,"TAMANO, ABDULHADIALMAR",male,1,L
SULTAN DUMALONDONG,LANAO DEL SUR,"ABDULHAMID, DIAMOND",female,0,L
SULTAN DUMALONDONG,LANAO DEL SUR,"ABDULHAMID, HAMMAD",male,0,L
SULTAN DUMALONDONG,LANAO DEL SUR,"MACAINDIG, MORAKAN",male,0,L
SULTAN DUMALONDONG,LANAO DEL SUR,"PANONGGO, ACMAD",male,0,L
TAGOLOAN,LANAO DEL SUR,"CAPAL, MISANGCAD",male,2522,W
TAGOLOAN,LANAO DEL SUR,"LUMPA, ALEX",male,246,L
TAGOLOAN,LANAO DEL SUR,"ABBAS, OGA",male,127,L
TAGOLOAN,LANAO DEL SUR,"CAPAL, COSAIN",male,43,L
TAGOLOAN,LANAO DEL SUR,"CAPAL, ESNAIRA",female,42,L
TAGOLOAN,LANAO DEL SUR,"CAPAL, CANDIDATO",male,25,L
TAGOLOAN,LANAO DEL SUR,"SACAR, ABDAL",male,0,L
TAGOLOAN,LANAO DEL SUR,"SACAR, DIMALIPOS",male,0,L
TAMPARAN,LANAO DEL SUR,"DISOMIMBA, SITTIE AMINA",female,6622,W
TAMPARAN,LANAO DEL SUR,"ALIPONTO, ACMAD JR.",male,3241,L
TAMPARAN,LANAO DEL SUR,"ALI, ZAMZAM",male,354,L
TAMPARAN,LANAO DEL SUR,"DIMA, JAMAEL",male,52,L
TAMPARAN,LANAO DEL SUR,"CABUNTALAN, MALIK",male,21,L
TARAKA,LANAO DEL SUR,"SUMAGAYAN, AREEFAH",female,444,W
TARAKA,LANAO DEL SUR,"COLANGCAG, ALIMAR",male,0,L
TARAKA,LANAO DEL SUR,"COMADUG, SULTAN MALAILAH",male,0,L
TARAKA,LANAO DEL SUR,"MAMANGCAO, JOHAIMAH",male,0,L
TAYTAY,PALAWAN,"SALVAME, ROMY",male,24627,W
TAYUG,PANGASINAN,"AGABAS, TYRONE",male,17879,W
TAYUG,PANGASINAN,"CUSTODIO, MYRNA",female,1897,L
TUBARAN,LANAO DEL SUR,"PAPANDAYAN, KHALED YASSIN",male,6636,W
TUBARAN,LANAO DEL SUR,"FAHAD, ABDELYUSOPH",male,442,L
TUBARAN,LANAO DEL SUR,"DIMAPORO, RAFAEL YASSIN",male,75,L
TUBARAN,LANAO DEL SUR,"AMIL, FAIS",male,3,L
TUBARAN,LANAO DEL SUR,"ANDAG, LIKAPAO",male,3,L
TUGAYA,LANAO DEL SUR,"PACALNA, ALFATTAH",male,4390,W
TUGAYA,LANAO DEL SUR,"PUKUNUM, NAIP",male,2872,L
TUGAYA,LANAO DEL SUR,"PANGCOGA, AYONAN",male,457,L
TUGAYA,LANAO DEL SUR,"ABANGON, SUHAILI",male,140,L
TUGAYA,LANAO DEL SUR,"PUKUNUM, JAMILON",male,111,L
TUGAYA,LANAO DEL SUR,"DECAMPONG, SOLAIMAN",male,6,L
TUGAYA,LANAO DEL SUR,"SARIP, HASAN",male,4,L
UMINGAN,PANGASINAN,"CRUZ, MIKE",male,21000,W
UMINGAN,PANGASINAN,"RABANG, ALAIN",male,15195,L
UMINGAN,PANGASINAN,"PABLO, GAUDENCIO",male,123,L
URBIZTONDO,PANGASINAN,"SISON, MARTIN RAUL II",male,14248,W
URBIZTONDO,PANGASINAN,"BALOLONG, MIRLA",female,10749,L
URDANETA CITY,PANGASINAN,"PEREZ, BOBOM",male,40191,W
VILLASIS,PANGASINAN,"ABRENICA, NATO",male,17864,W
VILLASIS,PANGASINAN,"RAFANAN, PAZ",female,12003,L
VILLASIS,PANGASINAN,"RABE, ISAGANI",male,411,L
WAO,LANAO DEL SUR,"BALICAO, BOBBY",male,17545,W
WAO,LANAO DEL SUR,"CARUMBA-CATALAN, MARY RUTH",female,8813,L
WAO,LANAO DEL SUR,"HADJI NASSER, LOMINOG",male,189,L
